trial_id,defense,param_name,param_value,seed,attacker_model,compromise_rate,time_to_compromise,block_rate,impacted_users_pct,throughput
0,lockout,max_failures,3,0,baseline,0.0,3600,0.0,0.0,0.04805555555555555
1,lockout,max_failures,3,1,baseline,0.0,3600,0.0,0.0,0.04805555555555555
2,lockout,max_failures,3,2,baseline,0.0,3600,0.0,0.0,0.04805555555555555
3,lockout,max_failures,5,0,baseline,0.0,3600,0.0,0.0,0.04805555555555555
4,lockout,max_failures,5,1,baseline,0.0,3600,0.0,0.0,0.04805555555555555
5,lockout,max_failures,5,2,baseline,0.0,3600,0.0,0.0,0.04805555555555555
6,lockout,max_failures,10,0,baseline,0.0,3600,0.0,0.0,0.04805555555555555
7,lockout,max_failures,10,1,baseline,0.0,3600,0.0,0.0,0.04805555555555555
8,lockout,max_failures,10,2,baseline,0.0,3600,0.0,0.0,0.04805555555555555
9,backoff,base_delay,0.25,0,baseline,0.0,3600,0.0,0.0,0.04805555555555555
10,backoff,base_delay,0.25,1,baseline,0.0,3600,0.0,0.0,0.04805555555555555
11,backoff,base_delay,0.25,2,baseline,0.0,3600,0.0,0.0,0.04805555555555555
12,backoff,base_delay,0.5,0,baseline,0.0,3600,0.0,0.0,0.04805555555555555
13,backoff,base_delay,0.5,1,baseline,0.0,3600,0.0,0.0,0.04805555555555555
14,backoff,base_delay,0.5,2,baseline,0.0,3600,0.0,0.0,0.04805555555555555
15,backoff,base_delay,1.0,0,baseline,0.0,3600,0.0,0.0,0.04805555555555555
16,backoff,base_delay,1.0,1,baseline,0.0,3600,0.0,0.0,0.04805555555555555
17,backoff,base_delay,1.0,2,baseline,0.0,3600,0.0,0.0,0.04805555555555555
18,backoff,base_delay,2.0,0,baseline,0.0,3600,0.0,0.0,0.04805555555555555
19,backoff,base_delay,2.0,1,baseline,0.0,3600,0.0,0.0,0.04805555555555555
20,backoff,base_delay,2.0,2,baseline,0.0,3600,0.0,0.0,0.04805555555555555
21,rate_limit,tokens,2_0.3,0,baseline,0.008264462809917356,10.5,0.0,0.0,0.04805555555555555
22,rate_limit,tokens,2_0.3,1,baseline,0.008264462809917356,10.5,0.0,0.0,0.04805555555555555
23,rate_limit,tokens,2_0.3,2,baseline,0.008264462809917356,10.5,0.0,0.0,0.04805555555555555
24,rate_limit,tokens,3_0.5,0,baseline,0.008264462809917356,10.5,0.0,0.0,0.04805555555555555
25,rate_limit,tokens,3_0.5,1,baseline,0.008264462809917356,10.5,0.0,0.0,0.04805555555555555
26,rate_limit,tokens,3_0.5,2,baseline,0.008264462809917356,10.5,0.0,0.0,0.04805555555555555
27,rate_limit,tokens,5_0.5,0,baseline,0.008264462809917356,10.5,0.0,0.0,0.04805555555555555
28,rate_limit,tokens,5_0.5,1,baseline,0.008264462809917356,10.5,0.0,0.0,0.04805555555555555
29,rate_limit,tokens,5_0.5,2,baseline,0.008264462809917356,10.5,0.0,0.0,0.04805555555555555
30,rate_limit,tokens,5_1.0,0,baseline,0.008264462809917356,10.5,0.0,0.0,0.04805555555555555
31,rate_limit,tokens,5_1.0,1,baseline,0.008264462809917356,10.5,0.0,0.0,0.04805555555555555
32,rate_limit,tokens,5_1.0,2,baseline,0.008264462809917356,10.5,0.0,0.0,0.04805555555555555
33,rate_limit_ip,tokens,3_0.5,0,baseline,0.008264462809917356,10.5,0.0,0.0,0.04805555555555555
34,rate_limit_ip,tokens,3_0.5,1,baseline,0.008264462809917356,10.5,0.0,0.0,0.04805555555555555
35,rate_limit_ip,tokens,3_0.5,2,baseline,0.008264462809917356,10.5,0.0,0.0,0.04805555555555555
36,rate_limit_ip,tokens,5_1.0,0,baseline,0.008264462809917356,10.5,0.0,0.0,0.04805555555555555
37,rate_limit_ip,tokens,5_1.0,1,baseline,0.008264462809917356,10.5,0.0,0.0,0.04805555555555555
38,rate_limit_ip,tokens,5_1.0,2,baseline,0.008264462809917356,10.5,0.0,0.0,0.04805555555555555
39,rate_limit_ip,tokens,10_2.0,0,baseline,0.008264462809917356,10.5,0.0,0.0,0.04805555555555555
40,rate_limit_ip,tokens,10_2.0,1,baseline,0.008264462809917356,10.5,0.0,0.0,0.04805555555555555
41,rate_limit_ip,tokens,10_2.0,2,baseline,0.008264462809917356,10.5,0.0,0.0,0.04805555555555555
