trial_id,defense,param_name,param_value,seed,attacker_model,compromise_rate,time_to_compromise,block_rate,impacted_users_pct,throughput
0,lockout,max_failures,3,0,cred_stuffing,0.0,3600,0.0,0.0,0.015
1,lockout,max_failures,3,1,cred_stuffing,0.0,3600,0.0,0.0,0.017777777777777778
2,lockout,max_failures,3,2,cred_stuffing,0.0,3600,0.0,0.0,0.03111111111111111
3,lockout,max_failures,5,0,cred_stuffing,0.0,3600,0.0,0.0,0.01861111111111111
4,lockout,max_failures,5,1,cred_stuffing,0.0,3600,0.0,0.0,0.015555555555555555
5,lockout,max_failures,5,2,cred_stuffing,0.0,3600,0.0,0.0,0.015277777777777777
6,lockout,max_failures,10,0,cred_stuffing,0.0,3600,0.0,0.0,0.015277777777777777
7,lockout,max_failures,10,1,cred_stuffing,0.0,3600,0.0,0.0,0.0275
8,lockout,max_failures,10,2,cred_stuffing,0.0,3600,0.0,0.0,0.025
9,backoff,base_delay,0.25,0,cred_stuffing,0.0,3600,0.0,0.0,0.02666666666666667
10,backoff,base_delay,0.25,1,cred_stuffing,0.0,3600,0.0,0.0,0.015833333333333335
11,backoff,base_delay,0.25,2,cred_stuffing,0.0,3600,0.0,0.0,0.017777777777777778
12,backoff,base_delay,0.5,0,cred_stuffing,0.0,3600,0.0,0.0,0.018055555555555554
13,backoff,base_delay,0.5,1,cred_stuffing,0.0,3600,0.0,0.0,0.01611111111111111
14,backoff,base_delay,0.5,2,cred_stuffing,0.0,3600,0.0,0.0,0.018333333333333333
15,backoff,base_delay,1.0,0,cred_stuffing,0.0,3600,0.0,0.0,0.015555555555555555
16,backoff,base_delay,1.0,1,cred_stuffing,0.0,3600,0.0,0.0,0.01611111111111111
17,backoff,base_delay,1.0,2,cred_stuffing,0.0,3600,0.0,0.0,0.02
18,backoff,base_delay,2.0,0,cred_stuffing,0.0,3600,0.0,0.0,0.024444444444444446
19,backoff,base_delay,2.0,1,cred_stuffing,0.0,3600,0.0,0.0,0.016944444444444446
20,backoff,base_delay,2.0,2,cred_stuffing,0.0,3600,0.0,0.0,0.020277777777777777
21,rate_limit,tokens,2_0.3,0,cred_stuffing,0.0,3600,0.0,0.0,0.01638888888888889
22,rate_limit,tokens,2_0.3,1,cred_stuffing,0.0,3600,0.0,0.0,0.025
23,rate_limit,tokens,2_0.3,2,cred_stuffing,0.0,3600,0.0,0.0,0.015277777777777777
24,rate_limit,tokens,3_0.5,0,cred_stuffing,0.0,3600,0.0,0.0,0.016666666666666666
25,rate_limit,tokens,3_0.5,1,cred_stuffing,0.0,3600,0.0,0.0,0.015833333333333335
26,rate_limit,tokens,3_0.5,2,cred_stuffing,0.0,3600,0.0,0.0,0.015833333333333335
27,rate_limit,tokens,5_0.5,0,cred_stuffing,0.0,3600,0.0,0.0,0.026944444444444444
28,rate_limit,tokens,5_0.5,1,cred_stuffing,0.0,3600,0.0,0.0,0.016666666666666666
29,rate_limit,tokens,5_0.5,2,cred_stuffing,0.0,3600,0.0,0.0,0.02666666666666667
30,rate_limit,tokens,5_1.0,0,cred_stuffing,0.0,3600,0.0,0.0,0.01638888888888889
31,rate_limit,tokens,5_1.0,1,cred_stuffing,0.0,3600,0.0,0.0,0.014722222222222222
32,rate_limit,tokens,5_1.0,2,cred_stuffing,0.0,3600,0.0,0.0,0.01888888888888889
33,rate_limit_ip,tokens,3_0.5,0,cred_stuffing,0.0,3600,0.0,0.0,0.020555555555555556
34,rate_limit_ip,tokens,3_0.5,1,cred_stuffing,0.0,3600,0.0,0.0,0.015
35,rate_limit_ip,tokens,3_0.5,2,cred_stuffing,0.0,3600,0.0,0.0,0.016944444444444446
36,rate_limit_ip,tokens,5_1.0,0,cred_stuffing,0.0,3600,0.0,0.0,0.023333333333333334
37,rate_limit_ip,tokens,5_1.0,1,cred_stuffing,0.0,3600,0.0,0.0,0.015277777777777777
38,rate_limit_ip,tokens,5_1.0,2,cred_stuffing,0.0,3600,0.0,0.0,0.023333333333333334
39,rate_limit_ip,tokens,10_2.0,0,cred_stuffing,0.0,3600,0.0,0.0,0.015
40,rate_limit_ip,tokens,10_2.0,1,cred_stuffing,0.0,3600,0.0,0.0,0.015
41,rate_limit_ip,tokens,10_2.0,2,cred_stuffing,0.0,3600,0.0,0.0,0.01611111111111111
