defense,param_name,param_value,attacker_model,n_trials,mean_compromise_rate,std_compromise_rate,mean_block_rate,std_block_rate,mean_impacted_pct,std_impacted_pct
lockout,max_failures,3,baseline,3,0.0,0.0,0.0,0.0,0.0,0.0
lockout,max_failures,5,baseline,3,0.0,0.0,0.0,0.0,0.0,0.0
lockout,max_failures,10,baseline,3,0.0,0.0,0.0,0.0,0.0,0.0
backoff,base_delay,0.25,baseline,3,0.0,0.0,0.0,0.0,0.0,0.0
backoff,base_delay,0.5,baseline,3,0.0,0.0,0.0,0.0,0.0,0.0
backoff,base_delay,1.0,baseline,3,0.0,0.0,0.0,0.0,0.0,0.0
backoff,base_delay,2.0,baseline,3,0.0,0.0,0.0,0.0,0.0,0.0
rate_limit,tokens,2_0.3,baseline,3,0.008264462809917356,0.0,0.0,0.0,0.0,0.0
rate_limit,tokens,3_0.5,baseline,3,0.008264462809917356,0.0,0.0,0.0,0.0,0.0
rate_limit,tokens,5_0.5,baseline,3,0.008264462809917356,0.0,0.0,0.0,0.0,0.0
rate_limit,tokens,5_1.0,baseline,3,0.008264462809917356,0.0,0.0,0.0,0.0,0.0
rate_limit_ip,tokens,3_0.5,baseline,3,0.008264462809917356,0.0,0.0,0.0,0.0,0.0
rate_limit_ip,tokens,5_1.0,baseline,3,0.008264462809917356,0.0,0.0,0.0,0.0,0.0
rate_limit_ip,tokens,10_2.0,baseline,3,0.008264462809917356,0.0,0.0,0.0,0.0,0.0
